Workbook

Sheet Project Overview
A1: WEBSITE MANUAL QA AND API TESTING | TEST REPORT
A3: PROJECT DETAILS
A4: Project | B4: Website Manual QA and API Testing
A5: Application | B5: Automation Exercise (web shop)
A6: Website URL | B6: https://automationexercise.com/
A7: Web Test Case Reference | B7: https://automationexercise.com/test_cases
A8: API Test Reference | B8: https://automationexercise.com/api_list
A9: Testing Types | B9: Manual functional testing (website) and API testing with Postman.
A10: Test Environment | B10: Browser: Chromium. OS: Fedora Linux 44. API testing: Postman.
A11: Execution Status | B11: Executed. API-007 is blocked because no valid login credentials are available.
A12: Scope | B12: 26 website test scenarios and 14 API scenarios listed by Automation Exercise.
A13: Tools | B13: Chromium, Microsoft Excel or LibreOffice Calc, Postman, Loom (evidence recordings).
A14: Documentation Notes | B14: Detailed steps for each case are on the official reference pages, linked in the Web Test Cases and API Tests sheets. Only the two observed website issues are listed in Bug Reports. The API under test is a demo learning API with limited account persistence, so API observations are recorded in Tester Notes and not reported as defects.
A16: TEST EXECUTION SUMMARY
A17: Area | B17: Total | C17: Pass | D17: Fail | E17: Blocked | F17: Pass Rate
A18: Website test cases | B18: =COUNTA('Web Test Cases'!A3:A28) -> 26 | C18: =COUNTIF('Web Test Cases'!G3:G28,"Pass") -> 24 | D18: =COUNTIF('Web Test Cases'!G3:G28,"Fail") -> 2 | E18: =COUNTIF('Web Test Cases'!G3:G28,"Blocked") -> 0 | F18: =IF(B18=0,0,C18/B18) -> 0.92307692
A19: API test cases | B19: =COUNTA('API Tests'!A3:A16) -> 14 | C19: =COUNTIF('API Tests'!K3:K16,"Pass") -> 13 | D19: =COUNTIF('API Tests'!K3:K16,"Fail") -> 0 | E19: =COUNTIF('API Tests'!K3:K16,"Blocked") -> 1 | F19: =IF(B19=0,0,C19/B19) -> 0.92857143
A20: Total | B20: =SUM(B18:B19) -> 40 | C20: =SUM(C18:C19) -> 37 | D20: =SUM(D18:D19) -> 2 | E20: =SUM(E18:E19) -> 1 | F20: =IF(B20=0,0,C20/B20) -> 0.925
A22: DEFECT SUMMARY
A23: Bug ID | B23: Bug Title | E23: Severity | F23: Priority | G23: Status | H23: Evidence
A24: BUG-WEB-001 | B24: ='Bug Reports'!B4 -> Logout does not redirect user to Home page | E24: ='Bug Reports'!B8 -> Medium | F24: ='Bug Reports'!B9 -> P2 | G24: ='Bug Reports'!B10 -> Open | H24: Loom recording
A25: BUG-WEB-002 | B25: ='Bug Reports'!B19 -> Removed cart items reappear after navigating away and returning | E25: ='Bug Reports'!B23 -> High | F25: ='Bug Reports'!B24 -> P1 | G25: ='Bug Reports'!B25 -> Open | H25: Loom recording
A26: Total defects | B26: =COUNTA(A24:A25) -> 2
A27: Open defects | B27: =COUNTIF(G24:G25,"Open*") -> 2
A29: API OBSERVATIONS (NOT REPORTED AS DEFECTS)
A30: API-012 / API-014 | B30: After DELETE returned 'Account deleted!', GET by email still returned the account. The demo API may not persist account state.
A31: API-003 | B31: The brands list contains some repeated brand names.

Sheet Web Test Cases
A1: WEBSITE MANUAL TEST CASES
A2: Test Case ID | B2: Test Area | C2: Scenario | D2: Reference | E2: Expected Result | F2: Actual Result | G2: Execution Status | H2: Related Bug | I2: Tester Notes
A3: TC-001 | B3: User Account | C3: Register User | D3: Site test case #1 | E3: Verify account registration with valid details. | F3: Matches the expected result. | G3: Pass | I3: No issue observed.
A4: TC-002 | B4: Authentication | C4: Login User with correct email and password | D4: Site test case #2 | E4: Verify login with valid credentials. | F4: Matches the expected result. | G4: Pass | I4: No issue observed.
A5: TC-003 | B5: Authentication | C5: Login User with incorrect email and password | D5: Site test case #3 | E5: Verify invalid credentials are rejected. | F5: Matches the expected result. | G5: Pass | I5: No issue observed.
A6: TC-004 | B6: Authentication | C6: Logout User | D6: Site test case #4 | E6: Verify a logged-in user can log out. | F6: Logout succeeds, but the user is not redirected to the Home page. | G6: Fail | H6: BUG-WEB-001 | I6: Reproducible. Details and Loom recording: see BUG-WEB-001 in Bug Reports.
A7: TC-005 | B7: User Account | C7: Register User with existing email | D7: Site test case #5 | E7: Verify duplicate email registration is prevented. | F7: Matches the expected result. | G7: Pass | I7: No issue observed.
A8: TC-006 | B8: Contact Form | C8: Contact Us Form | D8: Site test case #6 | E8: Verify Contact Us form submission and validation. | F8: Matches the expected result. | G8: Pass | I8: No issue observed.
A9: TC-007 | B9: Navigation | C9: Verify Test Cases Page | D9: Site test case #7 | E9: Verify the Test Cases page opens correctly. | F9: Matches the expected result. | G9: Pass | I9: No issue observed.
A10: TC-008 | B10: Products | C10: Verify All Products and product detail page | D10: Site test case #8 | E10: Verify the products listing and product details. | F10: Matches the expected result. | G10: Pass | I10: No issue observed.
A11: TC-009 | B11: Products | C11: Search Product | D11: Site test case #9 | E11: Verify product search returns relevant results. | F11: Matches the expected result. | G11: Pass | I11: No issue observed.
A12: TC-010 | B12: Subscription | C12: Verify Subscription in home page | D12: Site test case #10 | E12: Verify subscription on the home page. | F12: Matches the expected result. | G12: Pass | I12: No issue observed.
A13: TC-011 | B13: Subscription | C13: Verify Subscription in Cart page | D13: Site test case #11 | E13: Verify subscription on the Cart page. | F13: Matches the expected result. | G13: Pass | I13: No issue observed.
A14: TC-012 | B14: Shopping Cart | C14: Add Products in Cart | D14: Site test case #12 | E14: Verify products can be added to the cart. | F14: Matches the expected result. | G14: Pass | I14: No issue observed.
A15: TC-013 | B15: Shopping Cart | C15: Verify Product quantity in Cart | D15: Site test case #13 | E15: Verify product quantity in the cart. | F15: Matches the expected result. | G15: Pass | I15: No issue observed.
A16: TC-014 | B16: Checkout | C16: Place Order: Register while Checkout | D16: Site test case #14 | E16: Verify checkout with registration during checkout. | F16: Matches the expected result. | G16: Pass | I16: No issue observed.
A17: TC-015 | B17: Checkout | C17: Place Order: Register before Checkout | D17: Site test case #15 | E17: Verify checkout after registering beforehand. | F17: Matches the expected result. | G17: Pass | I17: No issue observed.
A18: TC-016 | B18: Checkout | C18: Place Order: Login before Checkout | D18: Site test case #16 | E18: Verify checkout after logging in. | F18: Matches the expected result. | G18: Pass | I18: No issue observed.
A19: TC-017 | B19: Shopping Cart | C19: Remove Products From Cart | D19: Site test case #17 | E19: Verify products can be removed from the cart. | F19: After all items are removed from the cart and the user navigates away, returning to Cart restores the removed items. | G19: Fail | H19: BUG-WEB-002 | I19: Reproducible. Details and Loom recording: see BUG-WEB-002 in Bug Reports.
A20: TC-018 | B20: Products | C20: View Category Products | D20: Site test case #18 | E20: Verify category pages display relevant products. | F20: Matches the expected result. | G20: Pass | I20: No issue observed.
A21: TC-019 | B21: Products | C21: View & Cart Brand Products | D21: Site test case #19 | E21: Verify brand filtering and adding a brand product to the cart. | F21: Matches the expected result. | G21: Pass | I21: No issue observed.
A22: TC-020 | B22: Shopping Cart | C22: Search Products and Verify Cart After Login | D22: Site test case #20 | E22: Verify searched products and cart behavior across login. | F22: Matches the expected result. | G22: Pass | I22: No issue observed.
A23: TC-021 | B23: Products | C23: Add review on product | D23: Site test case #21 | E23: Verify a product review can be submitted. | F23: Matches the expected result. | G23: Pass | I23: No issue observed.
A24: TC-022 | B24: Shopping Cart | C24: Add to cart from Recommended items | D24: Site test case #22 | E24: Verify recommended items can be added to the cart. | F24: Matches the expected result. | G24: Pass | I24: No issue observed.
A25: TC-023 | B25: Checkout | C25: Verify address details in checkout page | D25: Site test case #23 | E25: Verify address details shown during checkout. | F25: Matches the expected result. | G25: Pass | I25: No issue observed.
A26: TC-024 | B26: Orders | C26: Download Invoice after purchase order | D26: Site test case #24 | E26: Verify invoice download after an order. | F26: Matches the expected result. | G26: Pass | I26: No issue observed.
A27: TC-025 | B27: Navigation / UI | C27: Verify Scroll Up using 'Arrow' button and Scroll Down functionality | D27: Site test case #25 | E27: Verify scrolling down and the scroll-up arrow. | F27: Matches the expected result. | G27: Pass | I27: No issue observed.
A28: TC-026 | B28: Navigation / UI | C28: Verify Scroll Up without 'Arrow' button and Scroll Down functionality | D28: Site test case #26 | E28: Verify scrolling to the top without the arrow button. | F28: Matches the expected result. | G28: Pass | I28: No issue observed.

Sheet API Tests
A1: API TESTING | POSTMAN
A2: API Test ID | B2: HTTP Method | C2: API Scenario | D2: Reference | E2: Test Objective | F2: Endpoint | G2: Request Parameters / Body | H2: Expected Response | I2: Actual HTTP Status | J2: Actual Response / Assertions | K2: Execution Status | L2: Tester Notes
A3: API-001 | B3: GET | C3: Get All Products List | D3: API test #1 | E3: Verify the products list endpoint returns product data. | F3: https://automationexercise.com/api/productsList | G3: No body | H3: 200 OK; JSON response contains products array. | I3: 200 | J3: Returned responseCode 200 and products array. | K3: Pass | L3: GET request returned product data as expected.
A4: API-002 | B4: POST | C4: POST To All Products List | D4: API test #2 | E4: Check the documented response when POST is used on this endpoint. | F4: https://automationexercise.com/api/productsList | G4: No body | H4: 405; request method is not supported. | I4: 405 | J4: responseCode 405; This request method is not supported. | K4: Pass | L4: Expected unsupported-method response.
A5: API-003 | B5: GET | C5: Get All Brands List | D5: API test #3 | E5: Verify the brands list endpoint returns brand data. | F5: https://automationexercise.com/api/brandsList | G5: No body | H5: 200 OK; JSON response contains brands array. | I5: 200 | J5: Returned responseCode 200 and brands array. | K5: Pass | L5: Brand list returned. Some brand names appear more than once in the response.
A6: API-004 | B6: PUT | C6: PUT To All Brands List | D6: API test #4 | E6: Check the documented response when PUT is used on this endpoint. | F6: https://automationexercise.com/api/brandsList | G6: No body | H6: 405; request method is not supported. | I6: 405 | J6: responseCode 405; This request method is not supported. | K6: Pass | L6: Expected unsupported-method response.
A7: API-005 | B7: POST | C7: POST To Search Product | D7: API test #5 | E7: Verify product search using the search_product parameter. | F7: https://automationexercise.com/api/searchProduct | G7: x-www-form-urlencoded: search_product=top | H7: 200 OK; JSON response contains matching products. | I7: 200 | J7: Returned responseCode 200 and products matching 'top'. | K7: Pass | L7: Initial attempt used key 'search' and returned 400; corrected to 'search_product' and request passed.
A8: API-006 | B8: POST | C8: POST To Search Product without search_product parameter | D8: API test #6 | E8: Verify validation when search_product is omitted. | F8: https://automationexercise.com/api/searchProduct | G8: x-www-form-urlencoded: no parameters | H8: 400; required search_product parameter is missing. | I8: 400 | J8: responseCode 400; search_product parameter is missing in POST request. | K8: Pass | L8: Expected validation response when parameter is omitted.
A9: API-007 | B9: POST | C9: POST Verify Login with sample credentials (user not found) | D9: API test #7 | E9: Attempt login with sample credentials. Valid-login behavior is unverified because the sample account does not exist. | F9: https://automationexercise.com/api/verifyLogin | G9: x-www-form-urlencoded: email=test@example.com; password=Test123456 | H9: For a valid existing account, login verification should return a successful response. | I9: 404 | J9: responseCode 404; User not found! | K9: Blocked | L9: The supplied sample credentials did not belong to an existing account. A valid-login scenario was not verified; use known valid test credentials to complete this case.
A10: API-008 | B10: POST | C10: POST To Verify Login without email parameter | D10: API test #8 | E10: Verify validation when email is omitted. | F10: https://automationexercise.com/api/verifyLogin | G10: x-www-form-urlencoded: password=Test123456; email omitted | H10: 400; email or password parameter is missing. | I10: 400 | J10: responseCode 400; email or password parameter is missing in POST request. | K10: Pass | L10: Expected validation response when email is omitted.
A11: API-009 | B11: DELETE | C11: DELETE To Verify Login | D11: API test #9 | E11: Check the documented response when DELETE is used on login verification. | F11: https://automationexercise.com/api/verifyLogin | G11: No body | H11: 405; request method is not supported. | I11: 405 | J11: responseCode 405; This request method is not supported. | K11: Pass | L11: Expected unsupported-method response.
A12: API-010 | B12: POST | C12: POST To Verify Login with invalid details | D12: API test #10 | E12: Verify login API behavior with invalid credentials. | F12: https://automationexercise.com/api/verifyLogin | G12: x-www-form-urlencoded: email=invalid_user_123@example.com; password=WrongPassword123 | H12: 404; user/account is not found for invalid credentials. | I12: 404 | J12: responseCode 404; User not found! | K12: Pass | L12: Expected response for nonexistent user/invalid credentials.
A13: API-011 | B13: POST | C13: POST To Create/Register User Account | D13: API test #11 | E13: Verify account creation through the API. | F13: https://automationexercise.com/api/createAccount | G13: x-www-form-urlencoded: QA Test User; qa.test.user.2026@example.com; Test123456; remaining account fields supplied | H13: 201; account created. | I13: 201 | J13: responseCode 201; User created! | K13: Pass | L13: A test account was created successfully.
A14: API-012 | B14: DELETE | C14: DELETE METHOD To Delete User Account | D14: API test #12 | E14: Verify account deletion through the API. | F14: https://automationexercise.com/api/deleteAccount | G14: x-www-form-urlencoded: email=qa.test.user.2026@example.com; password=Test123456 | H14: 200; response message 'Account deleted!'. | I14: 200 | J14: responseCode 200; Account deleted! | K14: Pass | L14: A follow-up GET (API-014) still returned the account. Automation Exercise is a demo learning API with limited account persistence, so this is documented as an observation and not reported as a defect.
... A16: API-014 | B16: GET | C16: GET user account detail by email | D16: API test #14 | E16: Verify account details can be retrieved by email. | F16: https://automationexercise.com/api/getUserDetailByEmail | G16: Query parameter: email=qa.test.user.2026@example.com | H16: 200 OK; user details returned for the supplied email. | I16: 200 | J16: responseCode 200; user object returned (id 2488556, QA Test User). | K16: Pass | L16: Returned the account deleted in API-012. Account persistence on the demo API may be limited, so this is documented as an observation and not reported as a defect.

Sheet Bug Reports
A1: BUG REPORTS
A3: BUG-WEB-001 | Logout does not redirect user to Home page
A4: Bug Title | B4: Logout does not redirect user to Home page
A5: Application Area | B5: Web shop: Authentication / Logout
A6: Test Environment | B6: Chromium
A7: Preconditions | B7: User is logged in to an existing account or has just registered a new account.
A8: Severity | B8: Medium
A9: Priority | B9: P2
A10: Status | B10: Open
A11: Reference Test Case | B11: https://automationexercise.com/test_cases#collapse4
A12: Related Test Case | B12: TC-004
A13: Evidence | B13: https://www.loom.com/share/739a707672634ec19aed6c72a5b1a24c
A14: Steps to Reproduce | B14: 1. Open the website. 2. Log in to an existing account or create a new account. 3. Click Logout in the top menu. 4. Observe the page after logout.
A15: Expected Result | B15: After logout, the user is automatically redirected to the Home page.
A16: Actual Result | B16: The user is logged out, but the page does not redirect to Home.
A18: BUG-WEB-002 | Removed cart items reappear after navigating away and returning
A19: Bug Title | B19: Removed cart items reappear after navigating away and returning
A20: Application Area | B20: Web shop: Shopping Cart
A21: Test Environment | B21: Chromium
A22: Preconditions | B22: One or more products have been added to the cart.
A23: Severity | B23: High
A24: Priority | B24: P1
A25: Status | B25: Open
A26: Reference Test Case | B26: https://automationexercise.com/test_cases#collapse17
A27: Related Test Case | B27: TC-017
A28: Evidence | B28: https://www.loom.com/share/d5828cb78e2a481d930a16ea6f3da6b8
A29: Steps to Reproduce | B29: 1. Open the website and add one or more products to Cart. 2. Open Cart. 3. Remove all products. 4. Navigate to another tab, such as Products or Home. 5. Return to Cart.
A30: Expected Result | B30: Removed products remain removed and do not reappear after navigating away and returning to Cart.
A31: Actual Result | B31: After returning to Cart, the cart restores the state from before the products were removed.
